label,model,rmse,mae,rsq
label_ret1,OLS,0.06177486841352829,0.051325566134347904,0.023539620878047236
label_ret5,OLS,0.07668731024081249,0.06182689957097556,0.012716184203234
